Data,QT_INTER
01/01/2010,70
02/01/2010,92
03/01/2010,104
04/01/2010,134
05/01/2010,117
06/01/2010,106
07/01/2010,80
08/01/2010,106
09/01/2010,73
10/01/2010,81
11/01/2010,107
12/01/2010,96
13/01/2010,107
14/01/2010,97
15/01/2010,97
16/01/2010,98
17/01/2010,76
18/01/2010,129
19/01/2010,112
20/01/2010,104
21/01/2010,119
22/01/2010,105
23/01/2010,75
24/01/2010,76
25/01/2010,89
26/01/2010,114
27/01/2010,87
28/01/2010,118
29/01/2010,109
30/01/2010,99
31/01/2010,68
01/02/2010,126
02/02/2010,101
03/02/2010,99
04/02/2010,115
05/02/2010,103
06/02/2010,76
07/02/2010,80
08/02/2010,117
09/02/2010,115
10/02/2010,116
11/02/2010,94
12/02/2010,116
13/02/2010,101
14/02/2010,76
15/02/2010,100
16/02/2010,92
17/02/2010,101
18/02/2010,105
19/02/2010,96
20/02/2010,74
21/02/2010,86
22/02/2010,108
23/02/2010,115
24/02/2010,92
25/02/2010,105
26/02/2010,105
27/02/2010,96
28/02/2010,68
01/03/2010,103
02/03/2010,115
03/03/2010,93
04/03/2010,87
05/03/2010,106
06/03/2010,73
07/03/2010,73
08/03/2010,117
09/03/2010,87
10/03/2010,121
11/03/2010,101
12/03/2010,103
13/03/2010,68
14/03/2010,69
15/03/2010,84
16/03/2010,97
17/03/2010,98
18/03/2010,113
19/03/2010,118
20/03/2010,96
21/03/2010,75
22/03/2010,92
23/03/2010,98
24/03/2010,114
25/03/2010,100
26/03/2010,96
27/03/2010,83
28/03/2010,82
29/03/2010,119
30/03/2010,105
31/03/2010,111
01/04/2010,115
02/04/2010,76
03/04/2010,75
04/04/2010,77
05/04/2010,123
06/04/2010,95
07/04/2010,93
08/04/2010,106
09/04/2010,103
10/04/2010,88
11/04/2010,72
12/04/2010,84
13/04/2010,104
14/04/2010,137
15/04/2010,93
16/04/2010,101
17/04/2010,83
18/04/2010,83
19/04/2010,109
20/04/2010,112
21/04/2010,78
22/04/2010,107
23/04/2010,121
24/04/2010,89
25/04/2010,67
26/04/2010,116
27/04/2010,113
28/04/2010,77
29/04/2010,93
30/04/2010,104
01/05/2010,65
02/05/2010,81
03/05/2010,114
04/05/2010,104
05/05/2010,107
06/05/2010,103
07/05/2010,119
08/05/2010,86
09/05/2010,82
10/05/2010,110
11/05/2010,131
12/05/2010,90
13/05/2010,95
14/05/2010,112
15/05/2010,86
16/05/2010,91
17/05/2010,124
18/05/2010,107
19/05/2010,108
20/05/2010,112
21/05/2010,118
22/05/2010,70
23/05/2010,74
24/05/2010,126
25/05/2010,123
26/05/2010,104
27/05/2010,101
28/05/2010,130
29/05/2010,85
30/05/2010,75
31/05/2010,138
01/06/2010,136
02/06/2010,95
03/06/2010,116
04/06/2010,96
05/06/2010,96
06/06/2010,90
07/06/2010,117
08/06/2010,135
09/06/2010,107
10/06/2010,127
11/06/2010,114
12/06/2010,100
13/06/2010,75
14/06/2010,148
15/06/2010,97
16/06/2010,134
17/06/2010,120
18/06/2010,137
19/06/2010,102
20/06/2010,90
21/06/2010,132
22/06/2010,124
23/06/2010,118
24/06/2010,103
25/06/2010,100
26/06/2010,88
27/06/2010,82
28/06/2010,122
29/06/2010,112
30/06/2010,129
01/07/2010,131
02/07/2010,100
03/07/2010,95
04/07/2010,72
05/07/2010,141
06/07/2010,131
07/07/2010,128
08/07/2010,139
09/07/2010,110
10/07/2010,86
11/07/2010,89
12/07/2010,136
13/07/2010,119
14/07/2010,120
15/07/2010,104
16/07/2010,132
17/07/2010,72
18/07/2010,70
19/07/2010,105
20/07/2010,105
21/07/2010,114
22/07/2010,112
23/07/2010,105
24/07/2010,121
25/07/2010,72
26/07/2010,108
27/07/2010,92
28/07/2010,114
29/07/2010,109
30/07/2010,102
31/07/2010,72
01/08/2010,85
02/08/2010,126
03/08/2010,112
04/08/2010,119
05/08/2010,110
06/08/2010,113
07/08/2010,93
08/08/2010,72
09/08/2010,125
10/08/2010,126
11/08/2010,111
12/08/2010,128
13/08/2010,100
14/08/2010,79
15/08/2010,81
16/08/2010,128
17/08/2010,133
18/08/2010,113
19/08/2010,112
20/08/2010,137
21/08/2010,106
22/08/2010,103
23/08/2010,113
24/08/2010,130
25/08/2010,130
26/08/2010,113
27/08/2010,119
28/08/2010,93
29/08/2010,105
30/08/2010,109
31/08/2010,115
01/09/2010,157
02/09/2010,99
03/09/2010,126
04/09/2010,99
05/09/2010,87
06/09/2010,119
07/09/2010,102
08/09/2010,131
09/09/2010,128
10/09/2010,103
11/09/2010,101
12/09/2010,86
13/09/2010,119
14/09/2010,111
15/09/2010,138
16/09/2010,120
17/09/2010,109
18/09/2010,91
19/09/2010,82
20/09/2010,101
21/09/2010,120
22/09/2010,122
23/09/2010,94
24/09/2010,116
25/09/2010,100
26/09/2010,86
27/09/2010,100
28/09/2010,100
29/09/2010,137
30/09/2010,118
01/10/2010,123
02/10/2010,69
03/10/2010,63
04/10/2010,123
05/10/2010,139
06/10/2010,102
07/10/2010,98
08/10/2010,133
09/10/2010,83
10/10/2010,95
11/10/2010,84
12/10/2010,86
13/10/2010,124
14/10/2010,131
15/10/2010,126
16/10/2010,95
17/10/2010,89
18/10/2010,108
19/10/2010,114
20/10/2010,93
21/10/2010,122
22/10/2010,116
23/10/2010,79
24/10/2010,81
25/10/2010,106
26/10/2010,101
27/10/2010,103
28/10/2010,117
29/10/2010,120
30/10/2010,87
31/10/2010,70
01/11/2010,125
02/11/2010,96
03/11/2010,94
04/11/2010,107
05/11/2010,106
06/11/2010,72
07/11/2010,77
08/11/2010,132
09/11/2010,109
10/11/2010,100
11/11/2010,93
12/11/2010,113
13/11/2010,82
14/11/2010,71
15/11/2010,87
16/11/2010,124
17/11/2010,126
18/11/2010,130
19/11/2010,126
20/11/2010,78
21/11/2010,78
22/11/2010,119
23/11/2010,116
24/11/2010,102
25/11/2010,99
26/11/2010,96
27/11/2010,96
28/11/2010,84
29/11/2010,120
30/11/2010,108
01/12/2010,120
02/12/2010,98
03/12/2010,106
04/12/2010,72
05/12/2010,90
06/12/2010,126
07/12/2010,139
08/12/2010,92
09/12/2010,104
10/12/2010,101
11/12/2010,84
12/12/2010,78
13/12/2010,109
14/12/2010,119
15/12/2010,101
16/12/2010,105
17/12/2010,99
18/12/2010,78
19/12/2010,78
20/12/2010,113
21/12/2010,112
22/12/2010,101
23/12/2010,95
24/12/2010,80
25/12/2010,71
26/12/2010,84
27/12/2010,101
28/12/2010,109
29/12/2010,104
30/12/2010,85
31/12/2010,90
01/01/2011,101
02/01/2011,81
03/01/2011,117
04/01/2011,133
05/01/2011,103
06/01/2011,130
07/01/2011,114
08/01/2011,93
09/01/2011,84
10/01/2011,143
11/01/2011,100
12/01/2011,114
13/01/2011,110
14/01/2011,126
15/01/2011,95
16/01/2011,72
17/01/2011,113
18/01/2011,140
19/01/2011,133
20/01/2011,99
21/01/2011,122
22/01/2011,80
23/01/2011,69
24/01/2011,121
25/01/2011,112
26/01/2011,119
27/01/2011,113
28/01/2011,121
29/01/2011,85
30/01/2011,80
31/01/2011,137
01/02/2011,166
02/02/2011,117
03/02/2011,101
04/02/2011,103
05/02/2011,83
06/02/2011,85
07/02/2011,126
08/02/2011,114
09/02/2011,108
10/02/2011,95
11/02/2011,114
12/02/2011,88
13/02/2011,82
14/02/2011,86
15/02/2011,101
16/02/2011,108
17/02/2011,98
18/02/2011,100
19/02/2011,87
20/02/2011,75
21/02/2011,118
22/02/2011,104
23/02/2011,107
24/02/2011,115
25/02/2011,98
26/02/2011,99
27/02/2011,66
28/02/2011,117
01/03/2011,107
02/03/2011,115
03/03/2011,94
04/03/2011,98
05/03/2011,91
06/03/2011,74
07/03/2011,93
08/03/2011,84
09/03/2011,87
10/03/2011,120
11/03/2011,116
12/03/2011,109
13/03/2011,82
14/03/2011,111
15/03/2011,108
16/03/2011,103
17/03/2011,100
18/03/2011,107
19/03/2011,77
20/03/2011,84
21/03/2011,101
22/03/2011,111
23/03/2011,104
24/03/2011,104
25/03/2011,113
26/03/2011,91
27/03/2011,85
28/03/2011,128
29/03/2011,126
30/03/2011,107
31/03/2011,105
01/04/2011,120
02/04/2011,88
03/04/2011,80
04/04/2011,93
05/04/2011,102
06/04/2011,101
07/04/2011,99
08/04/2011,113
09/04/2011,76
10/04/2011,69
11/04/2011,104
12/04/2011,99
13/04/2011,105
14/04/2011,125
15/04/2011,119
16/04/2011,88
17/04/2011,99
18/04/2011,103
19/04/2011,121
20/04/2011,108
21/04/2011,88
22/04/2011,89
23/04/2011,97
24/04/2011,73
25/04/2011,110
26/04/2011,123
27/04/2011,100
28/04/2011,116
29/04/2011,93
30/04/2011,95
01/05/2011,99
02/05/2011,119
03/05/2011,117
04/05/2011,109
05/05/2011,103
06/05/2011,120
07/05/2011,98
08/05/2011,68
09/05/2011,119
10/05/2011,107
11/05/2011,90
12/05/2011,107
13/05/2011,98
14/05/2011,79
15/05/2011,68
16/05/2011,125
17/05/2011,113
18/05/2011,119
19/05/2011,99
20/05/2011,92
21/05/2011,112
22/05/2011,88
23/05/2011,118
24/05/2011,132
25/05/2011,117
26/05/2011,127
27/05/2011,104
28/05/2011,98
29/05/2011,73
30/05/2011,128
31/05/2011,119
01/06/2011,135
02/06/2011,124
03/06/2011,114
04/06/2011,104
05/06/2011,81
06/06/2011,117
07/06/2011,114
08/06/2011,100
09/06/2011,111
10/06/2011,136
11/06/2011,78
12/06/2011,90
13/06/2011,129
14/06/2011,130
15/06/2011,129
16/06/2011,133
17/06/2011,123
18/06/2011,107
19/06/2011,106
20/06/2011,113
21/06/2011,130
22/06/2011,152
23/06/2011,105
24/06/2011,92
25/06/2011,93
26/06/2011,106
27/06/2011,113
28/06/2011,133
29/06/2011,116
30/06/2011,139
01/07/2011,118
02/07/2011,99
03/07/2011,103
04/07/2011,118
05/07/2011,123
06/07/2011,114
07/07/2011,114
08/07/2011,112
09/07/2011,82
10/07/2011,82
11/07/2011,142
12/07/2011,120
13/07/2011,134
14/07/2011,132
15/07/2011,128
16/07/2011,95
17/07/2011,87
18/07/2011,133
19/07/2011,131
20/07/2011,136
21/07/2011,101
22/07/2011,116
23/07/2011,84
24/07/2011,93
25/07/2011,120
26/07/2011,130
27/07/2011,126
28/07/2011,121
29/07/2011,128
30/07/2011,95
31/07/2011,85
01/08/2011,143
02/08/2011,130
03/08/2011,121
04/08/2011,123
05/08/2011,121
06/08/2011,99
07/08/2011,81
08/08/2011,111
09/08/2011,126
10/08/2011,111
11/08/2011,114
12/08/2011,126
13/08/2011,74
14/08/2011,71
15/08/2011,98
16/08/2011,106
17/08/2011,115
18/08/2011,121
19/08/2011,113
20/08/2011,94
21/08/2011,80
22/08/2011,107
23/08/2011,115
24/08/2011,114
25/08/2011,106
26/08/2011,105
27/08/2011,81
28/08/2011,107
29/08/2011,113
30/08/2011,132
31/08/2011,117
01/09/2011,128
02/09/2011,116
03/09/2011,87
04/09/2011,80
05/09/2011,117
06/09/2011,111
07/09/2011,91
08/09/2011,122
09/09/2011,103
10/09/2011,87
11/09/2011,81
12/09/2011,126
13/09/2011,116
14/09/2011,101
15/09/2011,106
16/09/2011,106
17/09/2011,74
18/09/2011,72
19/09/2011,126
20/09/2011,89
21/09/2011,102
22/09/2011,116
23/09/2011,122
24/09/2011,92
25/09/2011,93
26/09/2011,118
27/09/2011,102
28/09/2011,97
29/09/2011,103
30/09/2011,99
01/10/2011,126
02/10/2011,73
03/10/2011,108
04/10/2011,106
05/10/2011,114
06/10/2011,104
07/10/2011,111
08/10/2011,86
09/10/2011,68
10/10/2011,123
11/10/2011,110
12/10/2011,76
13/10/2011,120
14/10/2011,96
15/10/2011,93
16/10/2011,68
17/10/2011,107
18/10/2011,111
19/10/2011,99
20/10/2011,110
21/10/2011,119
22/10/2011,63
23/10/2011,86
24/10/2011,109
25/10/2011,123
26/10/2011,119
27/10/2011,118
28/10/2011,115
29/10/2011,115
30/10/2011,71
31/10/2011,104
01/11/2011,147
02/11/2011,87
03/11/2011,109
04/11/2011,93
05/11/2011,76
06/11/2011,90
07/11/2011,119
08/11/2011,125
09/11/2011,104
10/11/2011,124
11/11/2011,101
12/11/2011,92
13/11/2011,76
14/11/2011,91
15/11/2011,64
16/11/2011,119
17/11/2011,120
18/11/2011,109
19/11/2011,86
20/11/2011,83
21/11/2011,106
22/11/2011,125
23/11/2011,98
24/11/2011,124
25/11/2011,100
26/11/2011,81
27/11/2011,68
28/11/2011,118
29/11/2011,94
30/11/2011,109
01/12/2011,127
02/12/2011,98
03/12/2011,80
04/12/2011,91
05/12/2011,119
06/12/2011,114
07/12/2011,120
08/12/2011,97
09/12/2011,95
10/12/2011,96
11/12/2011,73
12/12/2011,116
13/12/2011,100
14/12/2011,122
15/12/2011,90
16/12/2011,108
17/12/2011,72
18/12/2011,74
19/12/2011,107
20/12/2011,100
21/12/2011,109
22/12/2011,96
23/12/2011,95
24/12/2011,82
25/12/2011,70
26/12/2011,110
27/12/2011,103
28/12/2011,102
29/12/2011,126
30/12/2011,108
31/12/2011,51
01/01/2012,74
02/01/2012,122
03/01/2012,113
04/01/2012,118
05/01/2012,106
06/01/2012,118
07/01/2012,88
08/01/2012,75
09/01/2012,96
10/01/2012,97
11/01/2012,114
12/01/2012,115
13/01/2012,144
14/01/2012,103
15/01/2012,82
16/01/2012,117
17/01/2012,124
18/01/2012,116
19/01/2012,107
20/01/2012,113
21/01/2012,86
22/01/2012,77
23/01/2012,101
24/01/2012,128
25/01/2012,94
26/01/2012,113
27/01/2012,109
28/01/2012,73
29/01/2012,84
30/01/2012,112
31/01/2012,106
01/02/2012,121
02/02/2012,104
03/02/2012,99
04/02/2012,82
05/02/2012,77
06/02/2012,112
07/02/2012,112
08/02/2012,130
09/02/2012,105
10/02/2012,111
11/02/2012,77
12/02/2012,69
13/02/2012,103
14/02/2012,103
15/02/2012,105
16/02/2012,84
17/02/2012,94
18/02/2012,79
19/02/2012,72
20/02/2012,86
21/02/2012,79
22/02/2012,99
23/02/2012,105
24/02/2012,131
25/02/2012,101
26/02/2012,59
27/02/2012,108
28/02/2012,108
29/02/2012,106
01/03/2012,129
02/03/2012,126
03/03/2012,80
04/03/2012,79
05/03/2012,122
06/03/2012,90
07/03/2012,102
08/03/2012,92
09/03/2012,110
10/03/2012,91
11/03/2012,59
12/03/2012,122
13/03/2012,99
14/03/2012,94
15/03/2012,94
16/03/2012,101
17/03/2012,76
18/03/2012,79
19/03/2012,123
20/03/2012,107
21/03/2012,107
22/03/2012,95
23/03/2012,106
24/03/2012,85
25/03/2012,72
26/03/2012,110
27/03/2012,91
28/03/2012,110
29/03/2012,99
30/03/2012,103
31/03/2012,78
01/04/2012,103
02/04/2012,130
03/04/2012,86
04/04/2012,97
05/04/2012,99
06/04/2012,99
07/04/2012,80
08/04/2012,65
09/04/2012,109
10/04/2012,119
11/04/2012,101
12/04/2012,118
13/04/2012,123
14/04/2012,91
15/04/2012,84
16/04/2012,119
17/04/2012,107
18/04/2012,89
19/04/2012,124
20/04/2012,93
21/04/2012,79
22/04/2012,70
23/04/2012,105
24/04/2012,101
25/04/2012,108
26/04/2012,108
27/04/2012,94
28/04/2012,82
29/04/2012,74
30/04/2012,99
01/05/2012,92
02/05/2012,109
03/05/2012,129
04/05/2012,120
05/05/2012,79
06/05/2012,74
07/05/2012,139
08/05/2012,124
09/05/2012,97
10/05/2012,135
11/05/2012,125
12/05/2012,83
13/05/2012,86
14/05/2012,131
15/05/2012,128
16/05/2012,133
17/05/2012,135
18/05/2012,118
19/05/2012,94
20/05/2012,93
21/05/2012,127
22/05/2012,132
23/05/2012,134
24/05/2012,103
25/05/2012,136
26/05/2012,85
27/05/2012,104
28/05/2012,112
29/05/2012,116
30/05/2012,118
31/05/2012,143
01/06/2012,135
02/06/2012,99
03/06/2012,94
04/06/2012,118
05/06/2012,126
06/06/2012,131
07/06/2012,98
08/06/2012,101
09/06/2012,69
10/06/2012,107
11/06/2012,129
12/06/2012,138
13/06/2012,135
14/06/2012,118
15/06/2012,149
16/06/2012,89
17/06/2012,97
18/06/2012,140
19/06/2012,115
20/06/2012,122
21/06/2012,115
22/06/2012,119
23/06/2012,100
24/06/2012,81
25/06/2012,135
26/06/2012,124
27/06/2012,124
28/06/2012,114
29/06/2012,129
30/06/2012,78
01/07/2012,116
02/07/2012,139
03/07/2012,133
04/07/2012,119
05/07/2012,126
06/07/2012,116
07/07/2012,93
08/07/2012,95
09/07/2012,149
10/07/2012,146
11/07/2012,121
12/07/2012,136
13/07/2012,130
14/07/2012,107
15/07/2012,77
16/07/2012,141
17/07/2012,124
18/07/2012,119
19/07/2012,126
20/07/2012,122
21/07/2012,111
22/07/2012,100
23/07/2012,147
24/07/2012,159
25/07/2012,127
26/07/2012,128
27/07/2012,156
28/07/2012,93
29/07/2012,82
30/07/2012,134
31/07/2012,118
01/08/2012,150
02/08/2012,105
03/08/2012,140
04/08/2012,95
05/08/2012,97
06/08/2012,132
07/08/2012,112
08/08/2012,135
09/08/2012,128
10/08/2012,119
11/08/2012,97
12/08/2012,94
13/08/2012,139
14/08/2012,138
15/08/2012,120
16/08/2012,138
17/08/2012,144
18/08/2012,101
19/08/2012,72
20/08/2012,118
21/08/2012,117
22/08/2012,138
23/08/2012,120
24/08/2012,128
25/08/2012,88
26/08/2012,84
27/08/2012,129
28/08/2012,143
29/08/2012,128
30/08/2012,105
31/08/2012,139
01/09/2012,139
02/09/2012,74
03/09/2012,155
04/09/2012,112
05/09/2012,112
06/09/2012,114
07/09/2012,95
08/09/2012,79
09/09/2012,92
10/09/2012,133
11/09/2012,129
12/09/2012,135
13/09/2012,123
14/09/2012,122
15/09/2012,98
16/09/2012,96
17/09/2012,126
18/09/2012,122
19/09/2012,127
20/09/2012,119
21/09/2012,128
22/09/2012,100
23/09/2012,79
24/09/2012,120
25/09/2012,125
26/09/2012,102
27/09/2012,106
28/09/2012,106
29/09/2012,76
30/09/2012,96
01/10/2012,149
02/10/2012,138
03/10/2012,117
04/10/2012,118
05/10/2012,109
06/10/2012,93
07/10/2012,79
08/10/2012,121
09/10/2012,130
10/10/2012,117
11/10/2012,120
12/10/2012,77
13/10/2012,105
14/10/2012,81
15/10/2012,111
16/10/2012,151
17/10/2012,105
18/10/2012,111
19/10/2012,122
20/10/2012,83
21/10/2012,78
22/10/2012,133
23/10/2012,131
24/10/2012,115
25/10/2012,140
26/10/2012,108
27/10/2012,94
28/10/2012,88
29/10/2012,150
30/10/2012,124
31/10/2012,116
01/11/2012,125
02/11/2012,105
03/11/2012,104
04/11/2012,70
05/11/2012,109
06/11/2012,114
07/11/2012,92
08/11/2012,106
09/11/2012,94
10/11/2012,89
11/11/2012,97
12/11/2012,114
13/11/2012,131
14/11/2012,92
15/11/2012,92
16/11/2012,98
17/11/2012,82
18/11/2012,94
19/11/2012,138
20/11/2012,108
21/11/2012,111
22/11/2012,107
23/11/2012,110
24/11/2012,72
25/11/2012,68
26/11/2012,114
27/11/2012,96
28/11/2012,96
29/11/2012,111
30/11/2012,107
01/12/2012,130
02/12/2012,93
03/12/2012,109
04/12/2012,110
05/12/2012,99
06/12/2012,127
07/12/2012,113
08/12/2012,109
09/12/2012,90
10/12/2012,120
11/12/2012,104
12/12/2012,112
13/12/2012,109
14/12/2012,106
15/12/2012,96
16/12/2012,79
17/12/2012,128
18/12/2012,100
19/12/2012,126
20/12/2012,115
21/12/2012,103
22/12/2012,91
23/12/2012,80
24/12/2012,120
25/12/2012,108
26/12/2012,116
27/12/2012,128
28/12/2012,115
29/12/2012,90
30/12/2012,94
31/12/2012,91
01/01/2013,104
02/01/2013,132
03/01/2013,136
04/01/2013,116
05/01/2013,80
06/01/2013,93
07/01/2013,101
08/01/2013,113
09/01/2013,109
10/01/2013,114
11/01/2013,98
12/01/2013,89
13/01/2013,75
14/01/2013,112
15/01/2013,114
16/01/2013,105
17/01/2013,116
18/01/2013,110
19/01/2013,90
20/01/2013,63
21/01/2013,112
22/01/2013,102
23/01/2013,105
24/01/2013,110
25/01/2013,106
26/01/2013,80
27/01/2013,81
28/01/2013,120
29/01/2013,115
30/01/2013,108
31/01/2013,122
01/02/2013,130
02/02/2013,90
03/02/2013,69
04/02/2013,116
05/02/2013,121
06/02/2013,101
07/02/2013,107
08/02/2013,119
09/02/2013,98
10/02/2013,86
11/02/2013,97
12/02/2013,94
13/02/2013,128
14/02/2013,125
15/02/2013,128
16/02/2013,98
17/02/2013,88
18/02/2013,120
19/02/2013,120
20/02/2013,110
21/02/2013,122
22/02/2013,125
23/02/2013,86
24/02/2013,82
25/02/2013,120
26/02/2013,114
27/02/2013,118
28/02/2013,97
01/03/2013,127
02/03/2013,90
03/03/2013,77
04/03/2013,111
05/03/2013,114
06/03/2013,114
07/03/2013,105
08/03/2013,120
09/03/2013,110
10/03/2013,93
11/03/2013,106
12/03/2013,116
13/03/2013,131
14/03/2013,120
15/03/2013,105
16/03/2013,81
17/03/2013,75
18/03/2013,125
19/03/2013,114
20/03/2013,119
21/03/2013,120
22/03/2013,95
23/03/2013,81
24/03/2013,78
25/03/2013,125
26/03/2013,131
27/03/2013,114
28/03/2013,108
29/03/2013,90
30/03/2013,82
31/03/2013,79
01/04/2013,147
02/04/2013,127
03/04/2013,151
04/04/2013,122
05/04/2013,117
06/04/2013,96
07/04/2013,84
08/04/2013,115
09/04/2013,127
10/04/2013,123
11/04/2013,125
12/04/2013,112
13/04/2013,89
14/04/2013,69
15/04/2013,123
16/04/2013,111
17/04/2013,127
18/04/2013,117
19/04/2013,99
20/04/2013,95
21/04/2013,81
22/04/2013,110
23/04/2013,118
24/04/2013,124
25/04/2013,126
26/04/2013,114
27/04/2013,80
28/04/2013,101
29/04/2013,136
30/04/2013,136
01/05/2013,116
02/05/2013,134
03/05/2013,130
04/05/2013,105
05/05/2013,90
06/05/2013,128
07/05/2013,121
08/05/2013,114
09/05/2013,129
10/05/2013,107
11/05/2013,104
12/05/2013,99
13/05/2013,128
14/05/2013,134
15/05/2013,114
16/05/2013,111
17/05/2013,142
18/05/2013,85
19/05/2013,99
20/05/2013,160
21/05/2013,108
22/05/2013,131
23/05/2013,133
24/05/2013,114
25/05/2013,99
26/05/2013,96
27/05/2013,130
28/05/2013,111
29/05/2013,134
30/05/2013,100
31/05/2013,142
01/06/2013,127
02/06/2013,103
03/06/2013,137
04/06/2013,142
05/06/2013,139
06/06/2013,129
07/06/2013,133
08/06/2013,92
09/06/2013,91
10/06/2013,131
11/06/2013,148
12/06/2013,116
13/06/2013,135
14/06/2013,136
15/06/2013,92
16/06/2013,97
17/06/2013,139
18/06/2013,140
19/06/2013,121
20/06/2013,132
21/06/2013,126
22/06/2013,85
23/06/2013,98
24/06/2013,157
25/06/2013,132
26/06/2013,136
27/06/2013,106
28/06/2013,115
29/06/2013,90
30/06/2013,89
01/07/2013,157
02/07/2013,126
03/07/2013,108
04/07/2013,124
05/07/2013,129
06/07/2013,85
07/07/2013,100
08/07/2013,126
09/07/2013,144
10/07/2013,101
11/07/2013,143
12/07/2013,149
13/07/2013,103
14/07/2013,100
15/07/2013,146
16/07/2013,115
17/07/2013,127
18/07/2013,147
19/07/2013,95
20/07/2013,91
21/07/2013,86
22/07/2013,135
23/07/2013,118
24/07/2013,98
25/07/2013,132
26/07/2013,106
27/07/2013,85
28/07/2013,95
29/07/2013,148
30/07/2013,119
31/07/2013,128
01/08/2013,157
02/08/2013,138
03/08/2013,100
04/08/2013,97
05/08/2013,131
06/08/2013,135
07/08/2013,139
08/08/2013,121
09/08/2013,99
10/08/2013,98
11/08/2013,75
12/08/2013,121
13/08/2013,130
14/08/2013,150
15/08/2013,117
16/08/2013,131
17/08/2013,97
18/08/2013,80
19/08/2013,115
20/08/2013,128
21/08/2013,117
22/08/2013,124
23/08/2013,136
24/08/2013,99
25/08/2013,86
26/08/2013,132
27/08/2013,133
28/08/2013,137
29/08/2013,96
30/08/2013,128
31/08/2013,101
01/09/2013,105
02/09/2013,139
03/09/2013,119
04/09/2013,120
05/09/2013,115
06/09/2013,135
07/09/2013,95
08/09/2013,70
09/09/2013,117
10/09/2013,136
11/09/2013,115
12/09/2013,145
13/09/2013,120
14/09/2013,72
15/09/2013,84
16/09/2013,141
17/09/2013,116
18/09/2013,126
19/09/2013,119
20/09/2013,131
21/09/2013,99
22/09/2013,81
23/09/2013,125
24/09/2013,122
25/09/2013,127
26/09/2013,116
27/09/2013,116
28/09/2013,86
29/09/2013,76
30/09/2013,118
01/10/2013,159
02/10/2013,130
03/10/2013,126
04/10/2013,121
05/10/2013,91
06/10/2013,74
07/10/2013,111
08/10/2013,113
09/10/2013,112
10/10/2013,103
11/10/2013,114
12/10/2013,104
13/10/2013,86
14/10/2013,153
15/10/2013,135
16/10/2013,136
17/10/2013,116
18/10/2013,115
19/10/2013,84
20/10/2013,86
21/10/2013,123
22/10/2013,114
23/10/2013,107
24/10/2013,120
25/10/2013,112
26/10/2013,93
27/10/2013,76
28/10/2013,122
29/10/2013,124
30/10/2013,93
31/10/2013,124
01/11/2013,142
02/11/2013,74
03/11/2013,84
04/11/2013,131
05/11/2013,102
06/11/2013,113
07/11/2013,120
08/11/2013,117
09/11/2013,83
10/11/2013,87
11/11/2013,106
12/11/2013,127
13/11/2013,103
14/11/2013,121
15/11/2013,92
16/11/2013,95
17/11/2013,81
18/11/2013,126
19/11/2013,126
20/11/2013,122
21/11/2013,92
22/11/2013,95
23/11/2013,86
24/11/2013,69
25/11/2013,118
26/11/2013,120
27/11/2013,122
28/11/2013,131
29/11/2013,103
30/11/2013,110
01/12/2013,129
02/12/2013,121
03/12/2013,148
04/12/2013,109
05/12/2013,121
06/12/2013,96
07/12/2013,96
08/12/2013,82
09/12/2013,109
10/12/2013,103
11/12/2013,126
12/12/2013,102
13/12/2013,99
14/12/2013,70
15/12/2013,72
16/12/2013,111
17/12/2013,121
18/12/2013,116
19/12/2013,117
20/12/2013,110
21/12/2013,79
22/12/2013,84
23/12/2013,132
24/12/2013,106
25/12/2013,93
26/12/2013,124
27/12/2013,131
28/12/2013,86
29/12/2013,106
30/12/2013,127
31/12/2013,115
01/01/2014,112
02/01/2014,139
03/01/2014,126
04/01/2014,95
05/01/2014,76
06/01/2014,122
07/01/2014,128
08/01/2014,133
09/01/2014,119
10/01/2014,119
11/01/2014,101
12/01/2014,85
13/01/2014,117
14/01/2014,132
15/01/2014,124
16/01/2014,117
17/01/2014,90
18/01/2014,82
19/01/2014,67
20/01/2014,103
21/01/2014,124
22/01/2014,95
23/01/2014,124
24/01/2014,104
25/01/2014,99
26/01/2014,86
27/01/2014,124
28/01/2014,123
29/01/2014,117
30/01/2014,83
31/01/2014,133
01/02/2014,134
02/02/2014,80
03/02/2014,133
04/02/2014,109
05/02/2014,105
06/02/2014,107
07/02/2014,113
08/02/2014,100
09/02/2014,84
10/02/2014,114
11/02/2014,105
12/02/2014,124
13/02/2014,115
14/02/2014,90
15/02/2014,88
16/02/2014,84
17/02/2014,113
18/02/2014,104
19/02/2014,126
20/02/2014,115
21/02/2014,115
22/02/2014,98
23/02/2014,88
24/02/2014,99
25/02/2014,129
26/02/2014,103
27/02/2014,113
28/02/2014,132
01/03/2014,115
02/03/2014,92
03/03/2014,70
04/03/2014,91
05/03/2014,122
06/03/2014,92
07/03/2014,116
08/03/2014,91
09/03/2014,62
10/03/2014,126
11/03/2014,123
12/03/2014,113
13/03/2014,124
14/03/2014,112
15/03/2014,81
16/03/2014,76
17/03/2014,117
18/03/2014,119
19/03/2014,100
20/03/2014,128
21/03/2014,121
22/03/2014,94
23/03/2014,75
24/03/2014,94
25/03/2014,99
26/03/2014,107
27/03/2014,84
28/03/2014,128
29/03/2014,80
30/03/2014,77
31/03/2014,139
01/04/2014,136
02/04/2014,108
03/04/2014,128
04/04/2014,128
05/04/2014,91
06/04/2014,81
07/04/2014,132
08/04/2014,111
09/04/2014,122
10/04/2014,109
11/04/2014,106
12/04/2014,74
13/04/2014,92
14/04/2014,101
15/04/2014,134
16/04/2014,117
17/04/2014,117
18/04/2014,97
19/04/2014,80
20/04/2014,89
21/04/2014,100
22/04/2014,131
23/04/2014,128
24/04/2014,111
25/04/2014,127
26/04/2014,96
27/04/2014,95
28/04/2014,124
29/04/2014,124
30/04/2014,132
01/05/2014,122
02/05/2014,132
03/05/2014,92
04/05/2014,104
05/05/2014,143
06/05/2014,149
07/05/2014,151
08/05/2014,136
09/05/2014,126
10/05/2014,89
11/05/2014,77
12/05/2014,154
13/05/2014,128
14/05/2014,142
15/05/2014,141
16/05/2014,132
17/05/2014,118
18/05/2014,92
19/05/2014,136
20/05/2014,128
21/05/2014,131
22/05/2014,123
23/05/2014,146
24/05/2014,90
25/05/2014,103
26/05/2014,142
27/05/2014,126
28/05/2014,131
29/05/2014,119
30/05/2014,97
31/05/2014,127
01/06/2014,120
02/06/2014,144
03/06/2014,135
04/06/2014,118
05/06/2014,135
06/06/2014,133
07/06/2014,95
08/06/2014,79
09/06/2014,145
10/06/2014,123
11/06/2014,129
12/06/2014,108
13/06/2014,111
14/06/2014,88
15/06/2014,101
16/06/2014,138
17/06/2014,104
18/06/2014,130
19/06/2014,104
20/06/2014,132
21/06/2014,100
22/06/2014,105
23/06/2014,145
24/06/2014,137
25/06/2014,120
26/06/2014,127
27/06/2014,136
28/06/2014,91
29/06/2014,99
30/06/2014,137
01/07/2014,160
02/07/2014,111
03/07/2014,124
04/07/2014,124
05/07/2014,95
06/07/2014,89
07/07/2014,145
08/07/2014,134
09/07/2014,132
10/07/2014,140
11/07/2014,124
12/07/2014,98
13/07/2014,95
14/07/2014,128
15/07/2014,122
16/07/2014,135
17/07/2014,106
18/07/2014,122
19/07/2014,83
20/07/2014,90
21/07/2014,128
22/07/2014,117
23/07/2014,130
24/07/2014,124
25/07/2014,135
26/07/2014,88
27/07/2014,83
28/07/2014,145
29/07/2014,120
30/07/2014,116
31/07/2014,130
01/08/2014,178
02/08/2014,112
03/08/2014,97
04/08/2014,145
05/08/2014,123
06/08/2014,133
07/08/2014,132
08/08/2014,136
09/08/2014,71
10/08/2014,97
11/08/2014,141
12/08/2014,138
13/08/2014,152
14/08/2014,126
15/08/2014,131
16/08/2014,105
17/08/2014,88
18/08/2014,139
19/08/2014,154
20/08/2014,153
21/08/2014,129
22/08/2014,124
23/08/2014,97
24/08/2014,88
25/08/2014,103
26/08/2014,141
27/08/2014,142
28/08/2014,118
29/08/2014,124
30/08/2014,97
31/08/2014,83
01/09/2014,157
02/09/2014,134
03/09/2014,126
04/09/2014,127
05/09/2014,121
06/09/2014,92
07/09/2014,74
08/09/2014,128
09/09/2014,133
10/09/2014,156
11/09/2014,130
12/09/2014,112
13/09/2014,111
14/09/2014,96
15/09/2014,114
16/09/2014,119
17/09/2014,135
18/09/2014,133
19/09/2014,132
20/09/2014,88
21/09/2014,73
22/09/2014,138
23/09/2014,129
24/09/2014,117
25/09/2014,98
26/09/2014,123
27/09/2014,79
28/09/2014,89
29/09/2014,132
30/09/2014,154
01/10/2014,146
02/10/2014,136
03/10/2014,124
04/10/2014,99
05/10/2014,89
06/10/2014,134
07/10/2014,134
08/10/2014,120
09/10/2014,121
10/10/2014,139
11/10/2014,98
12/10/2014,93
13/10/2014,144
14/10/2014,143
15/10/2014,133
16/10/2014,143
17/10/2014,141
18/10/2014,110
19/10/2014,92
20/10/2014,145
21/10/2014,130
22/10/2014,127
23/10/2014,142
24/10/2014,114
25/10/2014,109
26/10/2014,71
27/10/2014,125
28/10/2014,121
29/10/2014,119
30/10/2014,118
31/10/2014,143
01/11/2014,120
02/11/2014,75
03/11/2014,103
04/11/2014,121
05/11/2014,140
06/11/2014,141
07/11/2014,133
08/11/2014,111
09/11/2014,85
10/11/2014,124
11/11/2014,107
12/11/2014,105
13/11/2014,108
14/11/2014,100
15/11/2014,83
16/11/2014,80
17/11/2014,117
18/11/2014,130
19/11/2014,117
20/11/2014,118
21/11/2014,136
22/11/2014,105
23/11/2014,86
24/11/2014,119
25/11/2014,133
26/11/2014,108
27/11/2014,104
28/11/2014,92
29/11/2014,76
30/11/2014,90
01/12/2014,158
02/12/2014,155
03/12/2014,108
04/12/2014,110
05/12/2014,105
06/12/2014,77
07/12/2014,89
08/12/2014,140
09/12/2014,122
10/12/2014,115
11/12/2014,145
12/12/2014,121
13/12/2014,109
14/12/2014,91
15/12/2014,139
16/12/2014,120
17/12/2014,114
18/12/2014,118
19/12/2014,101
20/12/2014,92
21/12/2014,90
22/12/2014,126
23/12/2014,136
24/12/2014,117
25/12/2014,85
26/12/2014,113
27/12/2014,125
28/12/2014,85
29/12/2014,141
30/12/2014,135
31/12/2014,113
01/01/2015,98
02/01/2015,126
03/01/2015,100
04/01/2015,73
05/01/2015,155
06/01/2015,126
07/01/2015,120
08/01/2015,128
09/01/2015,118
10/01/2015,102
11/01/2015,85
12/01/2015,152
13/01/2015,110
14/01/2015,126
15/01/2015,133
16/01/2015,99
17/01/2015,102
18/01/2015,96
19/01/2015,138
20/01/2015,145
21/01/2015,147
22/01/2015,138
23/01/2015,110
24/01/2015,83
25/01/2015,90
26/01/2015,115
27/01/2015,131
28/01/2015,122
29/01/2015,108
30/01/2015,148
31/01/2015,111
01/02/2015,101
02/02/2015,112
03/02/2015,130
04/02/2015,134
05/02/2015,106
06/02/2015,129
07/02/2015,83
08/02/2015,78
09/02/2015,104
10/02/2015,107
11/02/2015,119
12/02/2015,104
13/02/2015,128
14/02/2015,91
15/02/2015,76
16/02/2015,103
17/02/2015,76
18/02/2015,108
19/02/2015,106
20/02/2015,140
21/02/2015,98
22/02/2015,82
23/02/2015,110
24/02/2015,108
25/02/2015,130
26/02/2015,124
27/02/2015,109
28/02/2015,103
01/03/2015,76
02/03/2015,114
03/03/2015,115
04/03/2015,106
05/03/2015,113
06/03/2015,110
07/03/2015,77
08/03/2015,99
09/03/2015,128
10/03/2015,136
11/03/2015,118
12/03/2015,102
13/03/2015,128
14/03/2015,80
15/03/2015,80
16/03/2015,126
17/03/2015,126
18/03/2015,120
19/03/2015,119
20/03/2015,120
21/03/2015,110
22/03/2015,76
23/03/2015,125
24/03/2015,135
25/03/2015,120
26/03/2015,118
27/03/2015,121
28/03/2015,90
29/03/2015,85
30/03/2015,118
31/03/2015,125
01/04/2015,152
02/04/2015,110
03/04/2015,107
04/04/2015,83
05/04/2015,79
06/04/2015,140
07/04/2015,140
08/04/2015,124
09/04/2015,97
10/04/2015,128
11/04/2015,103
12/04/2015,76
13/04/2015,132
14/04/2015,138
15/04/2015,112
16/04/2015,107
17/04/2015,134
18/04/2015,108
19/04/2015,95
20/04/2015,119
21/04/2015,108
22/04/2015,127
23/04/2015,118
24/04/2015,126
25/04/2015,98
26/04/2015,75
27/04/2015,120
28/04/2015,118
29/04/2015,104
30/04/2015,131
01/05/2015,129
02/05/2015,87
03/05/2015,97
04/05/2015,135
05/05/2015,131
06/05/2015,133
07/05/2015,118
08/05/2015,125
09/05/2015,86
10/05/2015,92
11/05/2015,142
12/05/2015,155
13/05/2015,136
14/05/2015,121
15/05/2015,161
16/05/2015,111
17/05/2015,95
18/05/2015,145
19/05/2015,145
20/05/2015,145
21/05/2015,125
22/05/2015,120
23/05/2015,104
24/05/2015,100
25/05/2015,160
26/05/2015,136
27/05/2015,144
28/05/2015,145
29/05/2015,123
30/05/2015,114
31/05/2015,111
01/06/2015,228
02/06/2015,168
03/06/2015,143
04/06/2015,114
05/06/2015,116
06/06/2015,104
07/06/2015,107
08/06/2015,134
09/06/2015,125
10/06/2015,137
11/06/2015,145
12/06/2015,169
13/06/2015,117
14/06/2015,87
15/06/2015,141
16/06/2015,138
17/06/2015,142
18/06/2015,127
19/06/2015,121
20/06/2015,119
21/06/2015,97
22/06/2015,134
23/06/2015,155
24/06/2015,139
25/06/2015,127
26/06/2015,142
27/06/2015,125
28/06/2015,90
29/06/2015,145
30/06/2015,137
01/07/2015,173
02/07/2015,161
03/07/2015,140
04/07/2015,111
05/07/2015,96
06/07/2015,148
07/07/2015,151
08/07/2015,127
09/07/2015,122
10/07/2015,151
11/07/2015,123
12/07/2015,96
13/07/2015,150
14/07/2015,125
15/07/2015,133
16/07/2015,133
17/07/2015,139
18/07/2015,100
19/07/2015,87
20/07/2015,145
21/07/2015,141
22/07/2015,132
23/07/2015,134
24/07/2015,123
25/07/2015,119
26/07/2015,89
27/07/2015,158
28/07/2015,148
29/07/2015,108
30/07/2015,127
31/07/2015,122
01/08/2015,131
02/08/2015,89
03/08/2015,149
04/08/2015,133
05/08/2015,128
06/08/2015,113
07/08/2015,114
08/08/2015,94
09/08/2015,92
10/08/2015,128
11/08/2015,113
12/08/2015,125
13/08/2015,144
14/08/2015,133
15/08/2015,92
16/08/2015,89
17/08/2015,138
18/08/2015,156
19/08/2015,143
20/08/2015,154
21/08/2015,126
22/08/2015,104
23/08/2015,99
24/08/2015,140
25/08/2015,134
26/08/2015,131
27/08/2015,128
28/08/2015,133
29/08/2015,96
30/08/2015,91
31/08/2015,138
01/09/2015,148
02/09/2015,124
03/09/2015,128
04/09/2015,130
05/09/2015,86
06/09/2015,71
07/09/2015,97
08/09/2015,138
09/09/2015,142
10/09/2015,149
11/09/2015,131
12/09/2015,91
13/09/2015,82
14/09/2015,127
15/09/2015,124
16/09/2015,126
17/09/2015,131
18/09/2015,140
19/09/2015,87
20/09/2015,120
21/09/2015,133
22/09/2015,151
23/09/2015,138
24/09/2015,124
25/09/2015,141
26/09/2015,117
27/09/2015,79
28/09/2015,126
29/09/2015,140
30/09/2015,130
01/10/2015,162
02/10/2015,131
03/10/2015,109
04/10/2015,92
05/10/2015,117
06/10/2015,125
07/10/2015,142
08/10/2015,116
09/10/2015,158
10/10/2015,95
11/10/2015,91
12/10/2015,105
13/10/2015,140
14/10/2015,131
15/10/2015,133
16/10/2015,127
17/10/2015,122
18/10/2015,99
19/10/2015,148
20/10/2015,138
21/10/2015,137
22/10/2015,142
23/10/2015,138
24/10/2015,120
25/10/2015,80
26/10/2015,133
27/10/2015,119
28/10/2015,110
29/10/2015,114
30/10/2015,120
31/10/2015,112
01/11/2015,123
02/11/2015,109
03/11/2015,132
04/11/2015,143
05/11/2015,148
06/11/2015,129
07/11/2015,89
08/11/2015,113
09/11/2015,133
10/11/2015,126
11/11/2015,121
12/11/2015,140
13/11/2015,139
14/11/2015,105
15/11/2015,79
16/11/2015,115
17/11/2015,124
18/11/2015,133
19/11/2015,112
20/11/2015,127
21/11/2015,86
22/11/2015,83
23/11/2015,113
24/11/2015,126
25/11/2015,99
26/11/2015,123
27/11/2015,125
28/11/2015,103
29/11/2015,82
30/11/2015,162
01/12/2015,141
02/12/2015,132
03/12/2015,123
04/12/2015,127
05/12/2015,95
06/12/2015,76
07/12/2015,137
08/12/2015,114
09/12/2015,115
10/12/2015,123
11/12/2015,118
12/12/2015,98
13/12/2015,71
14/12/2015,123
15/12/2015,144
16/12/2015,118
17/12/2015,121
18/12/2015,117
19/12/2015,78
20/12/2015,81
21/12/2015,132
22/12/2015,114
23/12/2015,126
24/12/2015,95
25/12/2015,90
26/12/2015,121
27/12/2015,95
28/12/2015,145
29/12/2015,132
30/12/2015,127
31/12/2015,96
01/01/2016,117
02/01/2016,110
03/01/2016,97
04/01/2016,112
05/01/2016,119
06/01/2016,137
07/01/2016,124
08/01/2016,125
09/01/2016,110
10/01/2016,81
11/01/2016,129
12/01/2016,135
13/01/2016,127
14/01/2016,123
15/01/2016,137
16/01/2016,83
17/01/2016,83
18/01/2016,138
19/01/2016,127
20/01/2016,135
21/01/2016,129
22/01/2016,141
23/01/2016,104
24/01/2016,88
25/01/2016,147
26/01/2016,129
27/01/2016,132
28/01/2016,139
29/01/2016,151
30/01/2016,94
31/01/2016,104
01/02/2016,176
02/02/2016,124
03/02/2016,139
04/02/2016,133
05/02/2016,124
06/02/2016,109
07/02/2016,99
08/02/2016,116
09/02/2016,85
10/02/2016,123
11/02/2016,147
12/02/2016,132
13/02/2016,103
14/02/2016,72
15/02/2016,124
16/02/2016,113
17/02/2016,126
18/02/2016,115
19/02/2016,116
20/02/2016,86
21/02/2016,90
22/02/2016,115
23/02/2016,120
24/02/2016,127
25/02/2016,138
26/02/2016,113
27/02/2016,109
28/02/2016,69
29/02/2016,110
01/03/2016,137
02/03/2016,102
03/03/2016,112
04/03/2016,129
05/03/2016,92
06/03/2016,83
07/03/2016,127
08/03/2016,114
09/03/2016,120
10/03/2016,134
11/03/2016,124
12/03/2016,98
13/03/2016,86
14/03/2016,120
15/03/2016,133
16/03/2016,131
17/03/2016,130
18/03/2016,131
19/03/2016,104
20/03/2016,88
21/03/2016,152
22/03/2016,139
23/03/2016,133
24/03/2016,134
25/03/2016,95
26/03/2016,116
27/03/2016,86
28/03/2016,146
29/03/2016,143
30/03/2016,136
31/03/2016,144
01/04/2016,151
02/04/2016,101
03/04/2016,81
04/04/2016,130
05/04/2016,124
06/04/2016,134
07/04/2016,124
08/04/2016,133
09/04/2016,103
10/04/2016,100
11/04/2016,153
12/04/2016,127
13/04/2016,139
14/04/2016,125
15/04/2016,134
16/04/2016,113
17/04/2016,110
18/04/2016,127
19/04/2016,156
20/04/2016,136
21/04/2016,105
22/04/2016,109
23/04/2016,88
24/04/2016,84
25/04/2016,134
26/04/2016,114
27/04/2016,135
28/04/2016,121
29/04/2016,131
30/04/2016,131
01/05/2016,113
02/05/2016,160
03/05/2016,139
04/05/2016,136
05/05/2016,151
06/05/2016,146
07/05/2016,135
08/05/2016,88
09/05/2016,154
10/05/2016,141
11/05/2016,135
12/05/2016,137
13/05/2016,123
14/05/2016,105
15/05/2016,112
16/05/2016,129
17/05/2016,154
18/05/2016,141
19/05/2016,147
20/05/2016,128
21/05/2016,109
22/05/2016,84
23/05/2016,121
24/05/2016,133
25/05/2016,150
26/05/2016,108
27/05/2016,138
28/05/2016,120
29/05/2016,92
30/05/2016,154
31/05/2016,139
01/06/2016,177
02/06/2016,141
03/06/2016,152
04/06/2016,106
05/06/2016,96
06/06/2016,133
07/06/2016,162
08/06/2016,133
09/06/2016,145
10/06/2016,142
11/06/2016,108
12/06/2016,98
13/06/2016,133
14/06/2016,156
15/06/2016,151
16/06/2016,156
17/06/2016,150
18/06/2016,101
19/06/2016,92
20/06/2016,172
21/06/2016,151
22/06/2016,170
23/06/2016,156
24/06/2016,122
25/06/2016,125
26/06/2016,109
27/06/2016,132
28/06/2016,134
29/06/2016,142
30/06/2016,171
01/07/2016,176
02/07/2016,109
03/07/2016,106
04/07/2016,123
05/07/2016,133
06/07/2016,157
07/07/2016,138
08/07/2016,129
09/07/2016,104
10/07/2016,116
11/07/2016,129
12/07/2016,114
13/07/2016,153
14/07/2016,130
15/07/2016,141
16/07/2016,110
17/07/2016,94
18/07/2016,152
19/07/2016,128
20/07/2016,138
21/07/2016,144
22/07/2016,129
23/07/2016,109
24/07/2016,87
25/07/2016,154
26/07/2016,137
27/07/2016,162
28/07/2016,157
29/07/2016,151
30/07/2016,106
31/07/2016,98
01/08/2016,152
02/08/2016,124
03/08/2016,129
04/08/2016,133
05/08/2016,139
06/08/2016,119
07/08/2016,87
08/08/2016,144
09/08/2016,163
10/08/2016,147
11/08/2016,140
12/08/2016,143
13/08/2016,99
14/08/2016,99
15/08/2016,138
16/08/2016,130
17/08/2016,120
18/08/2016,120
19/08/2016,135
20/08/2016,94
21/08/2016,92
22/08/2016,141
23/08/2016,113
24/08/2016,147
25/08/2016,121
26/08/2016,118
27/08/2016,97
28/08/2016,87
29/08/2016,134
30/08/2016,123
31/08/2016,140
01/09/2016,160
02/09/2016,123
03/09/2016,121
04/09/2016,75
05/09/2016,142
06/09/2016,133
07/09/2016,117
08/09/2016,148
09/09/2016,152
10/09/2016,101
11/09/2016,87
12/09/2016,136
13/09/2016,135
14/09/2016,143
15/09/2016,118
16/09/2016,127
17/09/2016,102
18/09/2016,56
19/09/2016,125
20/09/2016,137
21/09/2016,144
22/09/2016,120
23/09/2016,114
24/09/2016,94
25/09/2016,85
26/09/2016,127
27/09/2016,123
28/09/2016,141
29/09/2016,141
30/09/2016,164
01/10/2016,142
02/10/2016,76
03/10/2016,132
04/10/2016,114
05/10/2016,115
06/10/2016,139
07/10/2016,110
08/10/2016,115
09/10/2016,107
10/10/2016,134
11/10/2016,141
12/10/2016,96
13/10/2016,131
14/10/2016,130
15/10/2016,93
16/10/2016,83
17/10/2016,154
18/10/2016,153
19/10/2016,140
20/10/2016,161
21/10/2016,128
22/10/2016,85
23/10/2016,90
24/10/2016,146
25/10/2016,135
26/10/2016,127
27/10/2016,103
28/10/2016,109
29/10/2016,108
30/10/2016,79
31/10/2016,140
01/11/2016,154
02/11/2016,97
03/11/2016,97
04/11/2016,125
05/11/2016,81
06/11/2016,91
07/11/2016,110
08/11/2016,114
09/11/2016,131
10/11/2016,102
11/11/2016,124
12/11/2016,94
13/11/2016,65
14/11/2016,92
15/11/2016,109
16/11/2016,122
17/11/2016,135
18/11/2016,129
19/11/2016,86
20/11/2016,76
21/11/2016,110
22/11/2016,131
23/11/2016,129
24/11/2016,116
25/11/2016,123
26/11/2016,107
27/11/2016,95
28/11/2016,108
29/11/2016,115
30/11/2016,143
01/12/2016,166
02/12/2016,116
03/12/2016,99
04/12/2016,76
05/12/2016,118
06/12/2016,130
07/12/2016,121
08/12/2016,110
09/12/2016,111
10/12/2016,92
11/12/2016,81
12/12/2016,118
13/12/2016,124
14/12/2016,110
15/12/2016,119
16/12/2016,117
17/12/2016,102
18/12/2016,85
19/12/2016,123
20/12/2016,134
21/12/2016,126
22/12/2016,127
23/12/2016,116
24/12/2016,85
25/12/2016,82
26/12/2016,151
27/12/2016,138
28/12/2016,128
29/12/2016,111
30/12/2016,138
31/12/2016,104
01/01/2017,122
02/01/2017,153
03/01/2017,160
04/01/2017,141
05/01/2017,157
06/01/2017,136
07/01/2017,96
08/01/2017,74
09/01/2017,133
10/01/2017,130
11/01/2017,106
12/01/2017,123
13/01/2017,122
14/01/2017,76
15/01/2017,100
16/01/2017,143
17/01/2017,130
18/01/2017,150
19/01/2017,99
20/01/2017,94
21/01/2017,96
22/01/2017,69
23/01/2017,142
24/01/2017,124
25/01/2017,135
26/01/2017,120
27/01/2017,115
28/01/2017,106
29/01/2017,80
30/01/2017,129
31/01/2017,136
01/02/2017,127
02/02/2017,132
03/02/2017,148
04/02/2017,99
05/02/2017,107
06/02/2017,134
07/02/2017,130
08/02/2017,121
09/02/2017,124
10/02/2017,113
11/02/2017,99
12/02/2017,77
13/02/2017,116
14/02/2017,105
15/02/2017,138
16/02/2017,143
17/02/2017,119
18/02/2017,95
19/02/2017,86
20/02/2017,133
21/02/2017,137
22/02/2017,127
23/02/2017,111
24/02/2017,128
25/02/2017,104
26/02/2017,96
27/02/2017,99
28/02/2017,131
01/03/2017,164
02/03/2017,131
03/03/2017,127
04/03/2017,104
05/03/2017,79
06/03/2017,150
07/03/2017,152
08/03/2017,128
09/03/2017,127
10/03/2017,130
11/03/2017,111
12/03/2017,93
13/03/2017,133
14/03/2017,128
15/03/2017,103
16/03/2017,124
17/03/2017,127
18/03/2017,98
19/03/2017,86
20/03/2017,130
21/03/2017,140
22/03/2017,138
23/03/2017,138
24/03/2017,101
25/03/2017,92
26/03/2017,82
27/03/2017,125
28/03/2017,129
29/03/2017,141
30/03/2017,131
31/03/2017,132
01/04/2017,125
02/04/2017,104
03/04/2017,118
04/04/2017,116
05/04/2017,111
06/04/2017,131
07/04/2017,139
08/04/2017,108
09/04/2017,89
10/04/2017,122
11/04/2017,129
12/04/2017,129
13/04/2017,125
14/04/2017,103
15/04/2017,85
16/04/2017,93
17/04/2017,149
18/04/2017,123
19/04/2017,147
20/04/2017,145
21/04/2017,106
22/04/2017,90
23/04/2017,92
24/04/2017,147
25/04/2017,152
26/04/2017,111
27/04/2017,154
28/04/2017,128
29/04/2017,107
30/04/2017,92
01/05/2017,140
02/05/2017,150
03/05/2017,142
04/05/2017,139
05/05/2017,144
06/05/2017,101
07/05/2017,106
08/05/2017,158
09/05/2017,136
10/05/2017,130
11/05/2017,142
12/05/2017,114
13/05/2017,98
14/05/2017,108
15/05/2017,148
16/05/2017,143
17/05/2017,145
18/05/2017,159
19/05/2017,141
20/05/2017,127
21/05/2017,97
22/05/2017,158
23/05/2017,123
24/05/2017,123
25/05/2017,149
26/05/2017,162
27/05/2017,120
28/05/2017,101
29/05/2017,171
30/05/2017,134
31/05/2017,161
01/06/2017,173
02/06/2017,167
03/06/2017,112
04/06/2017,98
05/06/2017,152
06/06/2017,122
07/06/2017,105
08/06/2017,147
09/06/2017,135
10/06/2017,127
11/06/2017,113
12/06/2017,152
13/06/2017,153
14/06/2017,160
15/06/2017,112
16/06/2017,139
17/06/2017,108
18/06/2017,117
19/06/2017,175
20/06/2017,147
21/06/2017,134
22/06/2017,146
23/06/2017,121
24/06/2017,129
25/06/2017,102
26/06/2017,167
27/06/2017,156
28/06/2017,159
29/06/2017,137
30/06/2017,196
01/07/2017,168
02/07/2017,119
03/07/2017,149
04/07/2017,135
05/07/2017,165
06/07/2017,181
07/07/2017,156
08/07/2017,130
09/07/2017,120
10/07/2017,157
11/07/2017,164
12/07/2017,160
13/07/2017,164
14/07/2017,160
15/07/2017,133
16/07/2017,117
17/07/2017,133
18/07/2017,146
19/07/2017,143
20/07/2017,204
21/07/2017,172
22/07/2017,134
23/07/2017,103
24/07/2017,177
25/07/2017,161
26/07/2017,167
27/07/2017,140
28/07/2017,166
29/07/2017,116
30/07/2017,104
31/07/2017,175
01/08/2017,189
02/08/2017,145
03/08/2017,157
04/08/2017,154
05/08/2017,116
06/08/2017,116
07/08/2017,133
08/08/2017,150
09/08/2017,163
10/08/2017,143
11/08/2017,137
12/08/2017,92
13/08/2017,114
14/08/2017,153
15/08/2017,129
16/08/2017,136
17/08/2017,141
18/08/2017,138
19/08/2017,106
20/08/2017,102
21/08/2017,152
22/08/2017,162
23/08/2017,131
24/08/2017,145
25/08/2017,121
26/08/2017,113
27/08/2017,94
28/08/2017,143
29/08/2017,171
30/08/2017,138
31/08/2017,151
01/09/2017,182
02/09/2017,100
03/09/2017,87
04/09/2017,168
05/09/2017,156
06/09/2017,159
07/09/2017,110
08/09/2017,139
09/09/2017,93
10/09/2017,92
11/09/2017,148
12/09/2017,155
13/09/2017,130
14/09/2017,136
15/09/2017,102
16/09/2017,100
17/09/2017,90
18/09/2017,156
19/09/2017,141
20/09/2017,139
21/09/2017,142
22/09/2017,132
23/09/2017,121
24/09/2017,89
25/09/2017,135
26/09/2017,143
27/09/2017,119
28/09/2017,132
29/09/2017,133
30/09/2017,120
01/10/2017,130
02/10/2017,129
03/10/2017,123
04/10/2017,129
05/10/2017,129
06/10/2017,134
07/10/2017,126
08/10/2017,100
09/10/2017,171
10/10/2017,162
11/10/2017,159
12/10/2017,110
13/10/2017,128
14/10/2017,105
15/10/2017,103
16/10/2017,159
17/10/2017,159
18/10/2017,124
19/10/2017,154
20/10/2017,132
21/10/2017,100
22/10/2017,87
23/10/2017,150
24/10/2017,120
25/10/2017,128
26/10/2017,119
27/10/2017,117
28/10/2017,95
29/10/2017,97
30/10/2017,114
31/10/2017,144
01/11/2017,164
02/11/2017,108
03/11/2017,119
04/11/2017,95
05/11/2017,99
06/11/2017,122
07/11/2017,115
08/11/2017,123
09/11/2017,132
10/11/2017,126
11/11/2017,106
12/11/2017,103
13/11/2017,141
14/11/2017,147
15/11/2017,122
16/11/2017,143
17/11/2017,125
18/11/2017,110
19/11/2017,89
20/11/2017,126
21/11/2017,131
22/11/2017,131
23/11/2017,116
24/11/2017,140
25/11/2017,110
26/11/2017,89
27/11/2017,126
28/11/2017,119
29/11/2017,121
30/11/2017,163
01/12/2017,139
02/12/2017,102
03/12/2017,100
04/12/2017,147
05/12/2017,146
06/12/2017,138
07/12/2017,124
08/12/2017,132
09/12/2017,106
10/12/2017,88
11/12/2017,118
12/12/2017,148
13/12/2017,131
14/12/2017,124
15/12/2017,142
16/12/2017,103
17/12/2017,101
18/12/2017,138
19/12/2017,132
20/12/2017,111
21/12/2017,117
22/12/2017,120
23/12/2017,95
24/12/2017,103
25/12/2017,94
26/12/2017,150
27/12/2017,163
28/12/2017,122
29/12/2017,129
30/12/2017,110
31/12/2017,118
01/01/2018,121
02/01/2018,119
03/01/2018,137
04/01/2018,127
05/01/2018,141
06/01/2018,101
07/01/2018,105
08/01/2018,124
09/01/2018,129
10/01/2018,119
11/01/2018,140
12/01/2018,118
13/01/2018,118
14/01/2018,88
15/01/2018,139
16/01/2018,130
17/01/2018,129
18/01/2018,138
19/01/2018,145
20/01/2018,103
21/01/2018,102
22/01/2018,129
23/01/2018,122
24/01/2018,154
25/01/2018,118
26/01/2018,135
27/01/2018,108
28/01/2018,102
29/01/2018,118
30/01/2018,131
31/01/2018,156
01/02/2018,169
02/02/2018,135
03/02/2018,96
04/02/2018,64
05/02/2018,115
06/02/2018,131
07/02/2018,135
08/02/2018,133
09/02/2018,128
10/02/2018,95
11/02/2018,83
12/02/2018,123
13/02/2018,115
14/02/2018,94
15/02/2018,140
16/02/2018,113
17/02/2018,104
18/02/2018,85
19/02/2018,115
20/02/2018,146
21/02/2018,127
22/02/2018,113
23/02/2018,118
24/02/2018,99
25/02/2018,90
26/02/2018,126
27/02/2018,132
28/02/2018,166
01/03/2018,162
02/03/2018,116
03/03/2018,99
04/03/2018,95
05/03/2018,141
06/03/2018,135
07/03/2018,147
08/03/2018,134
09/03/2018,133
10/03/2018,96
11/03/2018,97
12/03/2018,156
13/03/2018,155
14/03/2018,130
15/03/2018,132
16/03/2018,124
17/03/2018,110
18/03/2018,108
19/03/2018,146
20/03/2018,154
21/03/2018,124
22/03/2018,115
23/03/2018,117
24/03/2018,85
25/03/2018,87
26/03/2018,145
27/03/2018,116
28/03/2018,130
29/03/2018,144
30/03/2018,103
31/03/2018,124
01/04/2018,115
02/04/2018,147
03/04/2018,151
04/04/2018,143
05/04/2018,153
06/04/2018,132
07/04/2018,104
08/04/2018,86
09/04/2018,128
10/04/2018,143
11/04/2018,128
12/04/2018,109
13/04/2018,128
14/04/2018,105
15/04/2018,109
16/04/2018,161
17/04/2018,139
18/04/2018,140
19/04/2018,144
20/04/2018,148
21/04/2018,122
22/04/2018,100
23/04/2018,145
24/04/2018,155
25/04/2018,136
26/04/2018,150
27/04/2018,168
28/04/2018,105
29/04/2018,100
30/04/2018,155
01/05/2018,147
02/05/2018,141
03/05/2018,153
04/05/2018,153
05/05/2018,121
06/05/2018,98
07/05/2018,129
08/05/2018,153
09/05/2018,158
10/05/2018,142
11/05/2018,144
12/05/2018,106
13/05/2018,103
14/05/2018,172
15/05/2018,140
16/05/2018,142
17/05/2018,130
18/05/2018,150
19/05/2018,97
20/05/2018,104
21/05/2018,156
22/05/2018,139
23/05/2018,153
24/05/2018,139
25/05/2018,146
26/05/2018,111
27/05/2018,83
28/05/2018,139
29/05/2018,147
30/05/2018,161
31/05/2018,132
01/06/2018,177
02/06/2018,113
03/06/2018,113
04/06/2018,159
05/06/2018,158
06/06/2018,158
07/06/2018,154
08/06/2018,130
09/06/2018,114
10/06/2018,106
11/06/2018,178
12/06/2018,143
13/06/2018,151
14/06/2018,161
15/06/2018,144
16/06/2018,116
17/06/2018,100
18/06/2018,132
19/06/2018,162
20/06/2018,137
21/06/2018,141
22/06/2018,139
23/06/2018,114
24/06/2018,114
25/06/2018,167
26/06/2018,136
27/06/2018,143
28/06/2018,123
29/06/2018,158
30/06/2018,133
01/07/2018,119
02/07/2018,140
03/07/2018,150
04/07/2018,136
05/07/2018,169
06/07/2018,129
07/07/2018,131
08/07/2018,113
09/07/2018,169
10/07/2018,149
11/07/2018,139
12/07/2018,154
13/07/2018,130
14/07/2018,135
15/07/2018,130
16/07/2018,122
17/07/2018,160
18/07/2018,132
19/07/2018,157
20/07/2018,149
21/07/2018,115
22/07/2018,89
23/07/2018,154
24/07/2018,153
25/07/2018,167
26/07/2018,150
27/07/2018,160
28/07/2018,120
29/07/2018,101
30/07/2018,145
31/07/2018,179
01/08/2018,197
02/08/2018,145
03/08/2018,127
04/08/2018,105
05/08/2018,98
06/08/2018,177
07/08/2018,160
08/08/2018,158
09/08/2018,136
10/08/2018,137
11/08/2018,112
12/08/2018,102
13/08/2018,127
14/08/2018,146
15/08/2018,139
16/08/2018,172
17/08/2018,154
18/08/2018,130
19/08/2018,81
20/08/2018,169
21/08/2018,166
22/08/2018,128
23/08/2018,145
24/08/2018,145
25/08/2018,118
26/08/2018,110
27/08/2018,135
28/08/2018,146
29/08/2018,142
30/08/2018,125
31/08/2018,165
01/09/2018,144
02/09/2018,104
03/09/2018,153
04/09/2018,140
05/09/2018,127
06/09/2018,138
07/09/2018,107
08/09/2018,112
09/09/2018,94
10/09/2018,158
11/09/2018,149
12/09/2018,128
13/09/2018,129
14/09/2018,136
15/09/2018,114
16/09/2018,94
17/09/2018,122
18/09/2018,143
19/09/2018,150
20/09/2018,147
21/09/2018,157
22/09/2018,114
23/09/2018,108
24/09/2018,149
25/09/2018,162
26/09/2018,144
27/09/2018,142
28/09/2018,135
29/09/2018,90
30/09/2018,99
01/10/2018,171
02/10/2018,166
03/10/2018,136
04/10/2018,141
05/10/2018,143
06/10/2018,112
07/10/2018,101
08/10/2018,132
09/10/2018,137
10/10/2018,140
11/10/2018,154
12/10/2018,109
13/10/2018,112
14/10/2018,104
15/10/2018,125
16/10/2018,130
17/10/2018,163
18/10/2018,136
19/10/2018,129
20/10/2018,99
21/10/2018,94
22/10/2018,153
23/10/2018,146
24/10/2018,120
25/10/2018,143
26/10/2018,133
27/10/2018,91
28/10/2018,91
29/10/2018,120
30/10/2018,133
31/10/2018,140
01/11/2018,156
02/11/2018,111
03/11/2018,108
04/11/2018,92
05/11/2018,141
06/11/2018,127
07/11/2018,137
08/11/2018,137
09/11/2018,110
10/11/2018,107
11/11/2018,86
12/11/2018,148
13/11/2018,135
14/11/2018,145
15/11/2018,114
16/11/2018,136
17/11/2018,117
18/11/2018,91
19/11/2018,142
20/11/2018,114
21/11/2018,118
22/11/2018,136
23/11/2018,123
24/11/2018,110
25/11/2018,109
26/11/2018,151
27/11/2018,142
28/11/2018,120
29/11/2018,140
30/11/2018,136
01/12/2018,169
02/12/2018,99
03/12/2018,115
04/12/2018,148
05/12/2018,141
06/12/2018,142
07/12/2018,124
08/12/2018,118
09/12/2018,82
10/12/2018,132
11/12/2018,135
12/12/2018,149
13/12/2018,151
14/12/2018,134
15/12/2018,110
16/12/2018,96
17/12/2018,144
18/12/2018,138
19/12/2018,136
20/12/2018,137
21/12/2018,153
22/12/2018,118
23/12/2018,104
24/12/2018,108
25/12/2018,103
26/12/2018,155
27/12/2018,122
28/12/2018,145
29/12/2018,116
30/12/2018,113
31/12/2018,112
01/01/2019,158
02/01/2019,147
03/01/2019,154
04/01/2019,139
05/01/2019,104
06/01/2019,111
07/01/2019,125
08/01/2019,134
09/01/2019,146
10/01/2019,152
11/01/2019,152
12/01/2019,84
13/01/2019,104
14/01/2019,132
15/01/2019,131
16/01/2019,147
17/01/2019,135
18/01/2019,141
19/01/2019,100
20/01/2019,83
21/01/2019,126
22/01/2019,138
23/01/2019,138
24/01/2019,129
25/01/2019,143
26/01/2019,94
27/01/2019,99
28/01/2019,129
29/01/2019,131
30/01/2019,144
31/01/2019,132
01/02/2019,174
02/02/2019,101
03/02/2019,85
04/02/2019,137
05/02/2019,143
06/02/2019,122
07/02/2019,123
08/02/2019,128
09/02/2019,87
10/02/2019,88
11/02/2019,138
12/02/2019,133
13/02/2019,109
14/02/2019,140
15/02/2019,132
16/02/2019,102
17/02/2019,100
18/02/2019,124
19/02/2019,117
20/02/2019,141
21/02/2019,126
22/02/2019,156
23/02/2019,113
24/02/2019,110
25/02/2019,143
26/02/2019,146
27/02/2019,146
28/02/2019,149
01/03/2019,145
02/03/2019,101
03/03/2019,112
04/03/2019,110
05/03/2019,136
06/03/2019,128
07/03/2019,162
08/03/2019,141
09/03/2019,127
10/03/2019,93
11/03/2019,131
12/03/2019,144
13/03/2019,135
14/03/2019,151
15/03/2019,133
16/03/2019,100
17/03/2019,86
18/03/2019,117
19/03/2019,143
20/03/2019,135
21/03/2019,136
22/03/2019,131
23/03/2019,98
24/03/2019,94
25/03/2019,123
26/03/2019,147
27/03/2019,145
28/03/2019,138
29/03/2019,144
30/03/2019,110
31/03/2019,112
01/04/2019,175
02/04/2019,165
03/04/2019,143
04/04/2019,127
05/04/2019,153
06/04/2019,114
07/04/2019,86
08/04/2019,130
09/04/2019,142
10/04/2019,139
11/04/2019,143
12/04/2019,157
13/04/2019,106
14/04/2019,77
15/04/2019,134
16/04/2019,139
17/04/2019,167
18/04/2019,135
19/04/2019,122
20/04/2019,124
21/04/2019,112
22/04/2019,137
23/04/2019,151
24/04/2019,155
25/04/2019,147
26/04/2019,139
27/04/2019,123
28/04/2019,91
29/04/2019,147
30/04/2019,152
01/05/2019,150
02/05/2019,135
03/05/2019,160
04/05/2019,99
05/05/2019,118
06/05/2019,149
07/05/2019,166
08/05/2019,157
09/05/2019,145
10/05/2019,149
11/05/2019,131
12/05/2019,86
13/05/2019,152
14/05/2019,144
15/05/2019,158
16/05/2019,128
17/05/2019,147
18/05/2019,112
19/05/2019,95
20/05/2019,109
21/05/2019,175
22/05/2019,143
23/05/2019,137
24/05/2019,161
25/05/2019,121
26/05/2019,122
27/05/2019,176
28/05/2019,152
29/05/2019,147
30/05/2019,150
31/05/2019,170
01/06/2019,147
02/06/2019,113
03/06/2019,170
04/06/2019,135
05/06/2019,145
06/06/2019,161
07/06/2019,155
08/06/2019,129
09/06/2019,105
10/06/2019,164
11/06/2019,141
12/06/2019,170
13/06/2019,142
14/06/2019,170
15/06/2019,129
16/06/2019,119
17/06/2019,165
18/06/2019,163
19/06/2019,147
20/06/2019,146
21/06/2019,132
22/06/2019,113
23/06/2019,120
24/06/2019,160
25/06/2019,174
26/06/2019,169
27/06/2019,160
28/06/2019,142
29/06/2019,107
30/06/2019,116
01/07/2019,174
02/07/2019,136
03/07/2019,141
04/07/2019,163
05/07/2019,153
06/07/2019,129
07/07/2019,136
08/07/2019,156
09/07/2019,163
10/07/2019,165
11/07/2019,152
12/07/2019,194
13/07/2019,131
14/07/2019,113
15/07/2019,176
16/07/2019,174
17/07/2019,175
18/07/2019,143
19/07/2019,146
20/07/2019,145
21/07/2019,122
22/07/2019,177
23/07/2019,169
24/07/2019,174
25/07/2019,180
26/07/2019,164
27/07/2019,134
28/07/2019,109
29/07/2019,159
30/07/2019,154
31/07/2019,190
01/08/2019,189
02/08/2019,163
03/08/2019,133
04/08/2019,115
05/08/2019,157
06/08/2019,159
07/08/2019,166
08/08/2019,160
09/08/2019,155
10/08/2019,121
11/08/2019,110
12/08/2019,154
13/08/2019,143
14/08/2019,166
15/08/2019,148
16/08/2019,141
17/08/2019,128
18/08/2019,130
19/08/2019,165
20/08/2019,139
21/08/2019,146
22/08/2019,152
23/08/2019,139
24/08/2019,118
25/08/2019,139
26/08/2019,152
27/08/2019,153
28/08/2019,164
29/08/2019,142
30/08/2019,167
31/08/2019,128
01/09/2019,171
02/09/2019,151
03/09/2019,165
04/09/2019,181
05/09/2019,135
06/09/2019,155
07/09/2019,116
08/09/2019,114
09/09/2019,151
10/09/2019,152
11/09/2019,139
12/09/2019,148
13/09/2019,153
14/09/2019,117
15/09/2019,104
16/09/2019,163
17/09/2019,133
18/09/2019,153
19/09/2019,131
20/09/2019,157
21/09/2019,107
22/09/2019,115
23/09/2019,118
24/09/2019,141
25/09/2019,144
26/09/2019,147
27/09/2019,129
28/09/2019,107
29/09/2019,117
30/09/2019,184
01/10/2019,147
02/10/2019,160
03/10/2019,146
04/10/2019,177
05/10/2019,125
06/10/2019,98
07/10/2019,125
08/10/2019,142
09/10/2019,141
10/10/2019,125
11/10/2019,165
12/10/2019,109
13/10/2019,84
14/10/2019,145
15/10/2019,147
16/10/2019,151
17/10/2019,135
18/10/2019,144
19/10/2019,112
20/10/2019,98
21/10/2019,151
22/10/2019,129
23/10/2019,137
24/10/2019,126
25/10/2019,118
26/10/2019,131
27/10/2019,109
28/10/2019,136
29/10/2019,137
30/10/2019,132
31/10/2019,165
01/11/2019,163
02/11/2019,111
03/11/2019,77
04/11/2019,152
05/11/2019,163
06/11/2019,156
07/11/2019,135
08/11/2019,122
09/11/2019,108
10/11/2019,100
11/11/2019,138
12/11/2019,128
13/11/2019,131
14/11/2019,139
15/11/2019,110
16/11/2019,118
17/11/2019,93
18/11/2019,142
19/11/2019,136
20/11/2019,129
21/11/2019,134
22/11/2019,149
23/11/2019,101
24/11/2019,95
25/11/2019,175
26/11/2019,140
27/11/2019,145
28/11/2019,136
29/11/2019,139
30/11/2019,109
01/12/2019,153
02/12/2019,145
03/12/2019,147
04/12/2019,115
05/12/2019,139
06/12/2019,130
07/12/2019,115
08/12/2019,107
09/12/2019,143
10/12/2019,133
11/12/2019,133
12/12/2019,128
13/12/2019,140
14/12/2019,115
15/12/2019,101
16/12/2019,143
17/12/2019,145
18/12/2019,158
19/12/2019,130
20/12/2019,122
21/12/2019,121
22/12/2019,101
23/12/2019,125
24/12/2019,106
25/12/2019,112
26/12/2019,159
27/12/2019,151
28/12/2019,114
29/12/2019,87
30/12/2019,144
31/12/2019,150
01/01/2020,144
02/01/2020,151
03/01/2020,139
04/01/2020,109
05/01/2020,102
06/01/2020,147
07/01/2020,148
08/01/2020,168
09/01/2020,151
10/01/2020,132
11/01/2020,98
12/01/2020,103
13/01/2020,136
14/01/2020,128
15/01/2020,161
16/01/2020,130
17/01/2020,127
18/01/2020,115
19/01/2020,101
20/01/2020,141
21/01/2020,140
22/01/2020,143
23/01/2020,116
24/01/2020,126
25/01/2020,124
26/01/2020,119
27/01/2020,140
28/01/2020,128
29/01/2020,134
30/01/2020,142
31/01/2020,185
01/02/2020,135
02/02/2020,94
03/02/2020,116
04/02/2020,138
05/02/2020,137
06/02/2020,122
07/02/2020,122
08/02/2020,94
09/02/2020,84
10/02/2020,129
11/02/2020,151
12/02/2020,141
13/02/2020,133
14/02/2020,144
15/02/2020,130
16/02/2020,110
17/02/2020,149
18/02/2020,130
19/02/2020,133
20/02/2020,159
21/02/2020,117
22/02/2020,123
23/02/2020,94
24/02/2020,112
25/02/2020,122
26/02/2020,137
27/02/2020,145
28/02/2020,137
29/02/2020,148
01/03/2020,128
02/03/2020,152
03/03/2020,116
04/03/2020,149
05/03/2020,153
06/03/2020,140
07/03/2020,121
08/03/2020,91
09/03/2020,149
10/03/2020,137
11/03/2020,145
12/03/2020,156
13/03/2020,157
14/03/2020,124
15/03/2020,112
16/03/2020,131
17/03/2020,134
18/03/2020,123
19/03/2020,110
20/03/2020,121
21/03/2020,97
22/03/2020,88
23/03/2020,113
24/03/2020,119
25/03/2020,138
26/03/2020,135
27/03/2020,123
28/03/2020,97
29/03/2020,97
30/03/2020,127
31/03/2020,153
01/04/2020,122
02/04/2020,143
03/04/2020,126
04/04/2020,102
05/04/2020,88
06/04/2020,138
07/04/2020,118
08/04/2020,132
09/04/2020,106
10/04/2020,87
11/04/2020,97
12/04/2020,70
13/04/2020,132
14/04/2020,117
15/04/2020,134
16/04/2020,122
17/04/2020,134
18/04/2020,105
19/04/2020,71
20/04/2020,113
21/04/2020,119
22/04/2020,124
23/04/2020,131
24/04/2020,109
25/04/2020,100
26/04/2020,91
27/04/2020,107
28/04/2020,134
29/04/2020,141
30/04/2020,173
01/05/2020,134
02/05/2020,107
03/05/2020,92
04/05/2020,130
05/05/2020,154
06/05/2020,139
07/05/2020,111
08/05/2020,133
09/05/2020,100
10/05/2020,90
11/05/2020,151
12/05/2020,145
13/05/2020,139
14/05/2020,134
15/05/2020,129
16/05/2020,104
17/05/2020,109
18/05/2020,155
19/05/2020,134
20/05/2020,128
21/05/2020,137
22/05/2020,140
23/05/2020,129
24/05/2020,117
25/05/2020,157
26/05/2020,175
27/05/2020,155
28/05/2020,135
29/05/2020,138
30/05/2020,131
31/05/2020,113
01/06/2020,178
02/06/2020,142
03/06/2020,131
04/06/2020,160
05/06/2020,169
06/06/2020,131
07/06/2020,106
08/06/2020,138
09/06/2020,165
10/06/2020,140
11/06/2020,123
12/06/2020,135
13/06/2020,144
14/06/2020,103
15/06/2020,146
16/06/2020,159
17/06/2020,151
18/06/2020,173
19/06/2020,164
20/06/2020,125
21/06/2020,120
22/06/2020,151
23/06/2020,143
24/06/2020,138
25/06/2020,197
26/06/2020,166
27/06/2020,122
28/06/2020,116
29/06/2020,152
30/06/2020,214
01/07/2020,187
02/07/2020,139
03/07/2020,160
04/07/2020,120
05/07/2020,136
06/07/2020,169
07/07/2020,159
08/07/2020,164
09/07/2020,141
10/07/2020,176
11/07/2020,116
12/07/2020,121
13/07/2020,174
14/07/2020,172
15/07/2020,169
16/07/2020,136
17/07/2020,139
18/07/2020,117
19/07/2020,103
20/07/2020,154
21/07/2020,167
22/07/2020,149
23/07/2020,163
24/07/2020,163
25/07/2020,161
26/07/2020,116
27/07/2020,160
28/07/2020,179
29/07/2020,150
30/07/2020,152
31/07/2020,169
01/08/2020,150
02/08/2020,100
03/08/2020,150
04/08/2020,166
05/08/2020,124
06/08/2020,153
07/08/2020,157
08/08/2020,116
09/08/2020,129
10/08/2020,154
11/08/2020,156
12/08/2020,169
13/08/2020,139
14/08/2020,150
15/08/2020,104
16/08/2020,107
17/08/2020,128
18/08/2020,154
19/08/2020,114
20/08/2020,135
21/08/2020,131
22/08/2020,101
23/08/2020,89
24/08/2020,123
25/08/2020,144
26/08/2020,123
27/08/2020,113
28/08/2020,119
29/08/2020,103
30/08/2020,96
31/08/2020,156